Timestamp,GPGGA Latitude,GPGGA Longitude,Actual Engine RPM,GroundSpeed,distance_mile,cumsum_mile,Delta_cumsumMile,Loading,Delta_loading,Coupled,BodyDwnLoadCat,GPGGA Latitude_1,GPGGA Longitude_1,mile_cycle,Delta,bodyup,Coupled_1,BodyUpCat
2015-06-23 07:08:15,30.052,-95.622,699.69,0.0,0.0,0.0,0.0,1.0,0 days 00:00:01.000000000,"(30.052, -95.622)",BodyDwnLoad0,,,,,,,
2015-06-23 07:09:04,30.0519,-95.6222,694.39,0.0,0.0,0.0296493216964,0.0296493216964,1.0,0 days 00:00:35.000000000,"(30.0519, -95.622200000000007)",BodyDwnLoad_sub_0_0_1,,,,,,,
2015-06-23 07:09:05,30.0519,-95.6222,697.65,0.0,0.0,0.0296493216964,0.0,1.0,0 days 00:00:01.000000000,"(30.0519, -95.622200000000007)",BodyDwnLoad_0_1,,,,,,,
2015-06-23 07:11:22,,,,,,,,,,,,30.0521,-95.6242,0.0,0 days 00:00:01.000000000,1.0,"(30.052099999999999, -95.624200000000002)",BodyUp0
2015-06-23 07:11:23,,,,,,,,,,,,30.0521,-95.6242,0.0,0 days 00:00:01.000000000,1.0,"(30.052099999999999, -95.624200000000002)",BodyUp1
2015-06-23 07:11:24,,,,,,,,,,,,30.0521,-95.6242,0.0,0 days 00:00:01.000000000,1.0,"(30.052099999999999, -95.624200000000002)",BodyUp1
2015-06-23 07:11:25,,,,,,,,,,,,30.0521,-95.6242,0.0,0 days 00:00:01.000000000,1.0,"(30.052099999999999, -95.624200000000002)",BodyUp1
2015-06-23 07:11:26,,,,,,,,,,,,30.0521,-95.6242,0.0,0 days 00:00:01.000000000,1.0,"(30.052099999999999, -95.624200000000002)",BodyUp1
2015-06-23 07:11:27,,,,,,,,,,,,30.0521,-95.6242,0.0,0 days 00:00:01.000000000,1.0,"(30.052099999999999, -95.624200000000002)",BodyUp1
2015-06-23 07:11:28,,,,,,,,,,,,30.0521,-95.6242,0.0,0 days 00:00:01.000000000,1.0,"(30.052099999999999, -95.624200000000002)",BodyUp1
2015-06-23 07:11:29,,,,,,,,,,,,30.0521,-95.6242,0.0,0 days 00:00:01.000000000,1.0,"(30.052099999999999, -95.624200000000002)",BodyUp1
2015-06-23 07:11:30,,,,,,,,,,,,30.0521,-95.6242,0.0,0 days 00:00:01.000000000,1.0,"(30.052099999999999, -95.624200000000002)",BodyUp1
2015-06-23 07:11:31,,,,,,,,,,,,30.0521,-95.6242,0.0,0 days 00:00:01.000000000,1.0,"(30.052099999999999, -95.624200000000002)",BodyUp1
2015-06-23 07:11:32,,,,,,,,,,,,30.0521,-95.6242,0.0,0 days 00:00:01.000000000,1.0,"(30.052099999999999, -95.624200000000002)",BodyUp1
2015-06-23 07:11:33,,,,,,,,,,,,30.0521,-95.6242,0.0,0 days 00:00:01.000000000,1.0,"(30.052099999999999, -95.624200000000002)",BodyUp1
2015-06-23 07:11:36,,,,,,,,,,,,30.0521,-95.6242,0.0,0 days 00:00:03.000000000,1.0,"(30.052099999999999, -95.624200000000002)",BodyUp1
2015-06-23 07:17:16,30.052,-95.6467,690.23,0.0,0.0,1.73270007304,1.70305075134,1.0,0 days 00:07:45.000000000,"(30.052, -95.646699999999996)",BodyDwnLoadTravel1,,,,,,,
2015-06-23 07:17:17,30.052,-95.6467,697.63,0.0,0.0,1.73270007304,0.0,1.0,0 days 00:00:01.000000000,"(30.052, -95.646699999999996)",BodyDwnLoad_1_1,,,,,,,
2015-06-23 07:34:39,30.052,-95.6468,825.24,0.0,0.0,1.73960506746,0.00690499442215,1.0,0 days 00:00:02.000000000,"(30.052, -95.646799999999999)",BodyDwnLoad_1_2,,,,,,,
2015-06-23 07:34:40,30.052,-95.6468,812.65,0.0,0.0,1.73960506746,0.0,1.0,0 days 00:00:01.000000000,"(30.052, -95.646799999999999)",BodyDwnLoad_1_3,,,,,,,
2015-06-23 07:36:13,30.052,-95.6469,700.52,0.0,0.0,1.74651006188,0.00690499442215,1.0,0 days 00:00:14.000000000,"(30.052, -95.646900000000002)",BodyDwnLoad_sub_1_4_1,,,,,,,
2015-06-23 07:36:14,30.052,-95.6469,700.07,0.0,0.0,1.74651006188,0.0,1.0,0 days 00:00:01.000000000,"(30.052, -95.646900000000002)",BodyDwnLoad_1_5,,,,,,,
2015-06-23 07:37:35,30.052,-95.6471,701.28,0.0,0.0,1.76032005073,0.0138099888443,1.0,0 days 00:00:26.000000000,"(30.052, -95.647099999999995)",BodyDwnLoad_sub_1_6_2,,,,,,,
2015-06-23 07:37:36,30.052,-95.6471,701.06,0.0,0.0,1.76032005073,0.0,1.0,0 days 00:00:01.000000000,"(30.052, -95.647099999999995)",BodyDwnLoad_1_7,,,,,,,
2015-06-23 07:38:30,30.052,-95.6471,661.67,0.0,0.0,1.76032005073,0.0,1.0,0 days 00:00:07.000000000,"(30.052, -95.647099999999995)",BodyDwnLoad_1_8,,,,,,,
2015-06-23 07:39:02,30.0519,-95.6474,698.31,0.0,0.0,1.78171451629,0.0213944655634,1.0,0 days 00:00:24.000000000,"(30.0519, -95.647400000000005)",BodyDwnLoad_sub_1_9_3,,,,,,,
2015-06-23 07:39:03,30.0519,-95.6474,700.21,0.0,0.0,1.78171451629,0.0,1.0,0 days 00:00:01.000000000,"(30.0519, -95.647400000000005)",BodyDwnLoad_1_10,,,,,,,
2015-06-23 07:40:44,30.052,-95.6476,659.34,0.0,0.0,1.79620401142,0.0144894951264,1.0,0 days 00:00:21.000000000,"(30.052, -95.647599999999997)",BodyDwnLoad_sub_1_11_4,,,,,,,
2015-06-23 07:40:45,30.052,-95.6476,689.01,0.0,0.0,1.79620401142,0.0,1.0,0 days 00:00:01.000000000,"(30.052, -95.647599999999997)",BodyDwnLoad_1_12,,,,,,,
2015-06-23 07:44:56,,,,,,,,,,,,30.052,-95.6451,1.83071579016,0 days 00:33:20.000000000,1.0,"(30.052, -95.645099999999999)",BodyUpTravel1
2015-06-23 07:44:57,,,,,,,,,,,,30.052,-95.6451,0.0,0 days 00:00:01.000000000,1.0,"(30.052, -95.645099999999999)",BodyUp2
2015-06-23 07:44:58,,,,,,,,,,,,30.052,-95.6451,0.0,0 days 00:00:01.000000000,1.0,"(30.052, -95.645099999999999)",BodyUp2
2015-06-23 07:44:59,,,,,,,,,,,,30.052,-95.6451,0.0,0 days 00:00:01.000000000,1.0,"(30.052, -95.645099999999999)",BodyUp2
2015-06-23 07:45:00,,,,,,,,,,,,30.052,-95.6451,0.0,0 days 00:00:01.000000000,1.0,"(30.052, -95.645099999999999)",BodyUp2
2015-06-23 07:45:01,,,,,,,,,,,,30.052,-95.6451,0.0,0 days 00:00:01.000000000,1.0,"(30.052, -95.645099999999999)",BodyUp2
2015-06-23 07:45:02,,,,,,,,,,,,30.052,-95.6451,0.0,0 days 00:00:01.000000000,1.0,"(30.052, -95.645099999999999)",BodyUp2
2015-06-23 07:45:03,,,,,,,,,,,,30.052,-95.6451,0.0,0 days 00:00:01.000000000,1.0,"(30.052, -95.645099999999999)",BodyUp2
2015-06-23 07:45:04,,,,,,,,,,,,30.052,-95.6451,0.0,0 days 00:00:01.000000000,1.0,"(30.052, -95.645099999999999)",BodyUp2
2015-06-23 07:45:05,,,,,,,,,,,,30.052,-95.6451,0.0,0 days 00:00:01.000000000,1.0,"(30.052, -95.645099999999999)",BodyUp2
2015-06-23 07:45:06,,,,,,,,,,,,30.052,-95.6451,0.0,0 days 00:00:01.000000000,1.0,"(30.052, -95.645099999999999)",BodyUp2
2015-06-23 07:45:07,,,,,,,,,,,,30.052,-95.6451,0.0,0 days 00:00:01.000000000,1.0,"(30.052, -95.645099999999999)",BodyUp2
2015-06-23 07:45:08,,,,,,,,,,,,30.052,-95.6451,0.0,0 days 00:00:01.000000000,1.0,"(30.052, -95.645099999999999)",BodyUp2
2015-06-23 07:45:09,,,,,,,,,,,,30.052,-95.6451,0.0,0 days 00:00:01.000000000,1.0,"(30.052, -95.645099999999999)",BodyUp2
2015-06-23 07:45:10,,,,,,,,,,,,30.052,-95.6451,0.0,0 days 00:00:01.000000000,1.0,"(30.052, -95.645099999999999)",BodyUp2
2015-06-23 07:45:11,,,,,,,,,,,,30.052,-95.6451,0.0,0 days 00:00:01.000000000,1.0,"(30.052, -95.645099999999999)",BodyUp2
2015-06-23 07:45:12,,,,,,,,,,,,30.052,-95.6451,0.0,0 days 00:00:01.000000000,1.0,"(30.052, -95.645099999999999)",BodyUp2
2015-06-23 07:46:39,30.0519,-95.6474,694.9,0.0,0.0,2.18977745472,0.393573443303,1.0,0 days 00:04:07.000000000,"(30.0519, -95.647400000000005)",BodyDwnLoadTravel2,,,,,,,
2015-06-23 07:48:16,30.0519,-95.6474,896.48,0.0,0.0,2.18977745472,0.0,1.0,0 days 00:00:02.000000000,"(30.0519, -95.647400000000005)",BodyDwnLoad_2_2,,,,,,,
2015-06-23 07:48:34,30.052,-95.6476,689.34,0.0,0.0,2.20426694985,0.0144894951264,1.0,0 days 00:00:17.000000000,"(30.052, -95.647599999999997)",BodyDwnLoad_sub_2_3_1,,,,,,,
2015-06-23 07:52:34,,,,,,,,,,,,30.0519,-95.6449,0.421193873451,0 days 00:07:22.000000000,1.0,"(30.0519, -95.644900000000007)",BodyUpTravel2
2015-06-23 07:52:35,,,,,,,,,,,,30.0519,-95.6449,0.0,0 days 00:00:01.000000000,1.0,"(30.0519, -95.644900000000007)",BodyUp3
2015-06-23 07:52:36,,,,,,,,,,,,30.0519,-95.6449,0.0,0 days 00:00:01.000000000,1.0,"(30.0519, -95.644900000000007)",BodyUp3
2015-06-23 07:52:37,,,,,,,,,,,,30.0519,-95.6449,0.0,0 days 00:00:01.000000000,1.0,"(30.0519, -95.644900000000007)",BodyUp3
2015-06-23 07:52:38,,,,,,,,,,,,30.0519,-95.6449,0.0,0 days 00:00:01.000000000,1.0,"(30.0519, -95.644900000000007)",BodyUp3
2015-06-23 07:52:39,,,,,,,,,,,,30.0519,-95.6449,0.0,0 days 00:00:01.000000000,1.0,"(30.0519, -95.644900000000007)",BodyUp3
2015-06-23 07:52:40,,,,,,,,,,,,30.0519,-95.6449,0.0,0 days 00:00:01.000000000,1.0,"(30.0519, -95.644900000000007)",BodyUp3
2015-06-23 07:52:41,,,,,,,,,,,,30.0519,-95.6449,0.0,0 days 00:00:01.000000000,1.0,"(30.0519, -95.644900000000007)",BodyUp3
2015-06-23 07:52:42,,,,,,,,,,,,30.0519,-95.6449,0.0,0 days 00:00:01.000000000,1.0,"(30.0519, -95.644900000000007)",BodyUp3
2015-06-23 07:52:43,,,,,,,,,,,,30.0519,-95.6449,0.0,0 days 00:00:01.000000000,1.0,"(30.0519, -95.644900000000007)",BodyUp3
2015-06-23 07:52:44,,,,,,,,,,,,30.0519,-95.6449,0.0,0 days 00:00:01.000000000,1.0,"(30.0519, -95.644900000000007)",BodyUp3
2015-06-23 07:52:45,,,,,,,,,,,,30.0519,-95.6449,0.0,0 days 00:00:01.000000000,1.0,"(30.0519, -95.644900000000007)",BodyUp3
2015-06-23 07:52:46,,,,,,,,,,,,30.0519,-95.6449,0.0,0 days 00:00:01.000000000,1.0,"(30.0519, -95.644900000000007)",BodyUp3
2015-06-23 07:52:47,,,,,,,,,,,,30.0519,-95.6449,0.0,0 days 00:00:01.000000000,1.0,"(30.0519, -95.644900000000007)",BodyUp3
2015-06-23 07:52:48,,,,,,,,,,,,30.0519,-95.6449,0.0,0 days 00:00:01.000000000,1.0,"(30.0519, -95.644900000000007)",BodyUp3
2015-06-23 07:52:49,,,,,,,,,,,,30.0519,-95.6449,0.0,0 days 00:00:01.000000000,1.0,"(30.0519, -95.644900000000007)",BodyUp3
2015-06-23 07:54:14,30.052,-95.6471,698.6,0.0,0.00690499442215,2.61852184728,0.414254897432,1.0,0 days 00:04:02.000000000,"(30.052, -95.647099999999995)",BodyDwnLoadTravel3,,,,,,,
2015-06-23 07:54:21,30.052,-95.6472,699.41,0.0,0.00690499442215,2.6254268417,0.00690499442215,1.0,0 days 00:00:01.000000000,"(30.052, -95.647199999999998)",BodyDwnLoad_3_3,,,,,,,
2015-06-23 07:54:22,30.052,-95.6472,700.6,0.0,0.0,2.6254268417,0.0,1.0,0 days 00:00:01.000000000,"(30.052, -95.647199999999998)",BodyDwnLoad_3_4,,,,,,,
2015-06-23 07:54:54,30.0519,-95.6474,720.54,0.0,0.0,2.63927018263,0.0138433409334,1.0,0 days 00:00:23.000000000,"(30.0519, -95.647400000000005)",BodyDwnLoad_sub_3_5_1,,,,,,,
2015-06-23 07:54:58,30.052,-95.6474,699.16,0.0,0.0,2.63994967692,0.000679494289947,1.0,0 days 00:00:02.000000000,"(30.052, -95.647400000000005)",BodyDwnLoad_3_6,,,,,,,
2015-06-23 07:54:59,30.052,-95.6474,699.27,0.0,0.0,2.63994967692,0.0,1.0,0 days 00:00:01.000000000,"(30.052, -95.647400000000005)",BodyDwnLoad_3_7,,,,,,,
2015-06-23 07:57:09,30.052,-95.6477,686.7,0.0,0.0,2.66066466019,0.0207149832664,1.0,0 days 00:00:18.000000000,"(30.052, -95.6477)",BodyDwnLoad_sub_3_8_2,,,,,,,
2015-06-23 07:57:10,30.052,-95.6477,698.79,0.0,0.0,2.66066466019,0.0,1.0,0 days 00:00:01.000000000,"(30.052, -95.6477)",BodyDwnLoad_3_9,,,,,,,
2015-06-23 07:57:11,30.052,-95.6476,698.61,0.0,0.00690499442303,2.66756965461,0.00690499442303,1.0,0 days 00:00:01.000000000,"(30.052, -95.647599999999997)",BodyDwnLoad_3_10,,,,,,,
2015-06-23 08:01:08,30.052,-95.6449,715.75,0.0,0.0,2.88505503669,0.21748538208,1.0,0 days 00:02:21.000000000,"(30.052, -95.644900000000007)",BodyDwnLoad_sub_3_11_3,,,,,,,
2015-06-23 08:01:09,30.052,-95.6449,734.51,0.0,0.0,2.88505503669,0.0,1.0,0 days 00:00:01.000000000,"(30.052, -95.644900000000007)",BodyDwnLoad_3_12,,,,,,,
2015-06-23 08:01:29,,,,,,,,,,,,30.052,-95.6449,0.462623384251,0 days 00:08:40.000000000,1.0,"(30.052, -95.644900000000007)",BodyUpTravel3
2015-06-23 08:01:30,,,,,,,,,,,,30.052,-95.6449,0.0,0 days 00:00:01.000000000,1.0,"(30.052, -95.644900000000007)",BodyUp4
2015-06-23 08:01:31,,,,,,,,,,,,30.052,-95.6449,0.0,0 days 00:00:01.000000000,1.0,"(30.052, -95.644900000000007)",BodyUp4
2015-06-23 08:01:32,,,,,,,,,,,,30.052,-95.6449,0.0,0 days 00:00:01.000000000,1.0,"(30.052, -95.644900000000007)",BodyUp4
2015-06-23 08:01:33,,,,,,,,,,,,30.052,-95.6449,0.0,0 days 00:00:01.000000000,1.0,"(30.052, -95.644900000000007)",BodyUp4
2015-06-23 08:01:34,,,,,,,,,,,,30.052,-95.6449,0.0,0 days 00:00:01.000000000,1.0,"(30.052, -95.644900000000007)",BodyUp4
2015-06-23 08:01:35,,,,,,,,,,,,30.052,-95.6449,0.0,0 days 00:00:01.000000000,1.0,"(30.052, -95.644900000000007)",BodyUp4
2015-06-23 08:01:36,,,,,,,,,,,,30.052,-95.6449,0.0,0 days 00:00:01.000000000,1.0,"(30.052, -95.644900000000007)",BodyUp4
2015-06-23 08:01:37,,,,,,,,,,,,30.052,-95.6449,0.0,0 days 00:00:01.000000000,1.0,"(30.052, -95.644900000000007)",BodyUp4
2015-06-23 08:01:38,,,,,,,,,,,,30.052,-95.6449,0.0,0 days 00:00:01.000000000,1.0,"(30.052, -95.644900000000007)",BodyUp4
2015-06-23 08:01:39,,,,,,,,,,,,30.052,-95.6449,0.0,0 days 00:00:01.000000000,1.0,"(30.052, -95.644900000000007)",BodyUp4
2015-06-23 08:01:40,,,,,,,,,,,,30.052,-95.6449,0.0,0 days 00:00:01.000000000,1.0,"(30.052, -95.644900000000007)",BodyUp4
2015-06-23 08:01:41,,,,,,,,,,,,30.052,-95.6449,0.0,0 days 00:00:01.000000000,1.0,"(30.052, -95.644900000000007)",BodyUp4
2015-06-23 08:01:42,,,,,,,,,,,,30.052,-95.6448,0.00690499442215,0 days 00:00:01.000000000,1.0,"(30.052, -95.644800000000004)",BodyUp4
2015-06-23 08:01:43,,,,,,,,,,,,30.052,-95.6448,0.0,0 days 00:00:01.000000000,1.0,"(30.052, -95.644800000000004)",BodyUp4
2015-06-23 08:03:00,30.052,-95.6471,782.53,0.0,0.0,3.08182430229,0.196769265597,1.0,0 days 00:01:35.000000000,"(30.052, -95.647099999999995)",BodyDwnLoad_sub_3_13_4,,,,,,,
2015-06-23 08:03:33,30.052,-95.6474,674.42,0.0,0.0,3.10253928556,0.0207149832664,1.0,0 days 00:00:26.000000000,"(30.052, -95.647400000000005)",BodyDwnLoad_sub_3_14_5,,,,,,,
2015-06-23 08:04:36,30.0519,-95.6474,699.99,0.0,0.000679494289947,3.10321877985,0.000679494289947,1.0,0 days 00:00:01.000000000,"(30.0519, -95.647400000000005)",BodyDwnLoad_3_15,,,,,,,
2015-06-23 08:04:39,30.052,-95.6474,699.83,0.0,0.000679494289947,3.10389827414,0.000679494289947,1.0,0 days 00:00:01.000000000,"(30.052, -95.647400000000005)",BodyDwnLoad_3_16,,,,,,,
2015-06-23 08:05:53,30.052,-95.6477,691.11,0.0,0.0,3.1246132574,0.0207149832664,1.0,0 days 00:00:23.000000000,"(30.052, -95.6477)",BodyDwnLoad_sub_3_17_6,,,,,,,
2015-06-23 08:06:41,30.052,-95.6477,700.423,0.0,0.0,3.1246132574,0.0,1.0,0 days 00:00:00.000000000,"(30.052, -95.6477)",BodyDwnLoad_3_18,,,,,,,
2015-06-23 08:09:17,,,,,,,,,,,,30.052,-95.6449,0.442587700112,0 days 00:07:34.000000000,1.0,"(30.052, -95.644900000000007)",BodyUpTravel4
2015-06-23 08:09:18,,,,,,,,,,,,30.052,-95.6449,0.0,0 days 00:00:01.000000000,1.0,"(30.052, -95.644900000000007)",BodyUp5
2015-06-23 08:09:19,,,,,,,,,,,,30.052,-95.6449,0.0,0 days 00:00:01.000000000,1.0,"(30.052, -95.644900000000007)",BodyUp5
2015-06-23 08:09:20,,,,,,,,,,,,30.052,-95.6449,0.0,0 days 00:00:01.000000000,1.0,"(30.052, -95.644900000000007)",BodyUp5
2015-06-23 08:09:21,,,,,,,,,,,,30.052,-95.6449,0.0,0 days 00:00:01.000000000,1.0,"(30.052, -95.644900000000007)",BodyUp5
2015-06-23 08:09:22,,,,,,,,,,,,30.052,-95.6449,0.0,0 days 00:00:01.000000000,1.0,"(30.052, -95.644900000000007)",BodyUp5
2015-06-23 08:09:23,,,,,,,,,,,,30.052,-95.6449,0.0,0 days 00:00:01.000000000,1.0,"(30.052, -95.644900000000007)",BodyUp5
2015-06-23 08:09:24,,,,,,,,,,,,30.052,-95.6449,0.0,0 days 00:00:01.000000000,1.0,"(30.052, -95.644900000000007)",BodyUp5
2015-06-23 08:09:25,,,,,,,,,,,,30.052,-95.6449,0.0,0 days 00:00:01.000000000,1.0,"(30.052, -95.644900000000007)",BodyUp5
2015-06-23 08:09:26,,,,,,,,,,,,30.052,-95.6449,0.0,0 days 00:00:01.000000000,1.0,"(30.052, -95.644900000000007)",BodyUp5
2015-06-23 08:09:27,,,,,,,,,,,,30.052,-95.6449,0.0,0 days 00:00:01.000000000,1.0,"(30.052, -95.644900000000007)",BodyUp5
2015-06-23 08:09:28,,,,,,,,,,,,30.052,-95.6449,0.0,0 days 00:00:01.000000000,1.0,"(30.052, -95.644900000000007)",BodyUp5
2015-06-23 08:09:29,,,,,,,,,,,,30.052,-95.6449,0.0,0 days 00:00:01.000000000,1.0,"(30.052, -95.644900000000007)",BodyUp5
2015-06-23 08:09:30,,,,,,,,,,,,30.052,-95.6449,0.0,0 days 00:00:01.000000000,1.0,"(30.052, -95.644900000000007)",BodyUp5
2015-06-23 08:09:31,,,,,,,,,,,,30.052,-95.6449,0.0,0 days 00:00:01.000000000,1.0,"(30.052, -95.644900000000007)",BodyUp5
2015-06-23 08:10:45,30.052,-95.6473,732.46,0.11,0.0,3.54448111066,0.419867853262,1.0,0 days 00:03:31.000000000,"(30.052, -95.647300000000001)",BodyDwnLoadTravel4,,,,,,,
2015-06-23 08:10:46,30.052,-95.6473,721.2,0.0,0.0,3.54448111066,0.0,1.0,0 days 00:00:01.000000000,"(30.052, -95.647300000000001)",BodyDwnLoad_4_4,,,,,,,
2015-06-23 08:11:57,30.052,-95.6475,695.23,0.0,0.00690499442127,3.55965008809,0.0151689774233,1.0,0 days 00:00:12.000000000,"(30.052, -95.647499999999994)",BodyDwnLoad_sub_4_5_1,,,,,,,
2015-06-23 08:11:58,30.052,-95.6475,735.79,0.0,0.0,3.55965008809,0.0,1.0,0 days 00:00:01.000000000,"(30.052, -95.647499999999994)",BodyDwnLoad_4_6,,,,,,,
2015-06-23 08:13:41,30.052,-95.6477,696.34,0.0,0.0,3.57346007693,0.0138099888452,1.0,0 days 00:00:18.000000000,"(30.052, -95.6477)",BodyDwnLoad_sub_4_7_2,,,,,,,
2015-06-23 08:13:48,30.052,-95.6477,700.41,0.0,0.00690499442303,3.58727006578,0.00690499442303,1.0,0 days 00:00:01.000000000,"(30.052, -95.6477)",BodyDwnLoad_4_8,,,,,,,
2015-06-23 08:17:27,,,,,,,,,,,,30.0519,-95.6447,0.476499826674,0 days 00:07:56.000000000,1.0,"(30.0519, -95.6447)",BodyUpTravel5
2015-06-23 08:17:28,,,,,,,,,,,,30.0519,-95.6447,0.0,0 days 00:00:01.000000000,1.0,"(30.0519, -95.6447)",BodyUp6
2015-06-23 08:17:29,,,,,,,,,,,,30.0519,-95.6447,0.0,0 days 00:00:01.000000000,1.0,"(30.0519, -95.6447)",BodyUp6
2015-06-23 08:17:30,,,,,,,,,,,,30.0519,-95.6447,0.0,0 days 00:00:01.000000000,1.0,"(30.0519, -95.6447)",BodyUp6
2015-06-23 08:17:31,,,,,,,,,,,,30.0519,-95.6447,0.0,0 days 00:00:01.000000000,1.0,"(30.0519, -95.6447)",BodyUp6
2015-06-23 08:17:32,,,,,,,,,,,,30.0519,-95.6447,0.0,0 days 00:00:01.000000000,1.0,"(30.0519, -95.6447)",BodyUp6
2015-06-23 08:17:33,,,,,,,,,,,,30.0519,-95.6447,0.0,0 days 00:00:01.000000000,1.0,"(30.0519, -95.6447)",BodyUp6
2015-06-23 08:17:34,,,,,,,,,,,,30.0519,-95.6447,0.0,0 days 00:00:01.000000000,1.0,"(30.0519, -95.6447)",BodyUp6
2015-06-23 08:17:35,,,,,,,,,,,,30.0519,-95.6447,0.0,0 days 00:00:01.000000000,1.0,"(30.0519, -95.6447)",BodyUp6
2015-06-23 08:17:36,,,,,,,,,,,,30.0519,-95.6447,0.0,0 days 00:00:01.000000000,1.0,"(30.0519, -95.6447)",BodyUp6
2015-06-23 08:17:37,,,,,,,,,,,,30.0519,-95.6447,0.0,0 days 00:00:01.000000000,1.0,"(30.0519, -95.6447)",BodyUp6
2015-06-23 08:17:38,,,,,,,,,,,,30.0519,-95.6447,0.0,0 days 00:00:01.000000000,1.0,"(30.0519, -95.6447)",BodyUp6
2015-06-23 08:17:39,,,,,,,,,,,,30.0519,-95.6447,0.0,0 days 00:00:01.000000000,1.0,"(30.0519, -95.6447)",BodyUp6
2015-06-23 08:17:40,,,,,,,,,,,,30.0519,-95.6447,0.0,0 days 00:00:01.000000000,1.0,"(30.0519, -95.6447)",BodyUp6
2015-06-23 08:17:41,,,,,,,,,,,,30.0519,-95.6447,0.0,0 days 00:00:01.000000000,1.0,"(30.0519, -95.6447)",BodyUp6
2015-06-23 08:19:13,30.052,-95.6471,684.55,0.0,0.0,4.00713761025,0.419867544467,1.0,0 days 00:03:56.000000000,"(30.052, -95.647099999999995)",BodyDwnLoadTravel5,,,,,,,
2015-06-23 08:19:53,30.052,-95.6471,895.43,0.0,0.0,4.00713761025,0.0,1.0,0 days 00:00:03.000000000,"(30.052, -95.647099999999995)",BodyDwnLoad_5_5,,,,,,,
2015-06-23 08:20:26,30.052,-95.6471,662.07,0.0,0.0,4.00713761025,0.0,1.0,0 days 00:00:08.000000000,"(30.052, -95.647099999999995)",BodyDwnLoad_5_6,,,,,,,
2015-06-23 08:20:47,30.052,-95.6471,875.14,0.0,0.0,4.00713761025,0.0,1.0,0 days 00:00:05.000000000,"(30.052, -95.647099999999995)",BodyDwnLoad_5_7,,,,,,,
2015-06-23 08:21:13,30.052,-95.6473,700.32,0.18,0.0,4.02094759909,0.00690499442215,1.0,0 days 00:00:13.000000000,"(30.052, -95.647300000000001)",BodyDwnLoad_sub_5_8_1,,,,,,,
2015-06-23 08:21:21,30.052,-95.6473,839.66,0.0,0.0,4.02094759909,0.0,1.0,0 days 00:00:03.000000000,"(30.052, -95.647300000000001)",BodyDwnLoad_5_9,,,,,,,
2015-06-23 08:21:38,30.052,-95.6473,697.45,0.0,0.0,4.02094759909,0.0,1.0,0 days 00:00:10.000000000,"(30.052, -95.647300000000001)",BodyDwnLoad_sub_5_10_2,,,,,,,
2015-06-23 08:23:43,30.052,-95.6477,638.73,0.0,0.0,4.04856757678,0.0276199776886,1.0,0 days 00:00:26.000000000,"(30.052, -95.6477)",BodyDwnLoad_sub_5_11_3,,,,,,,
2015-06-23 08:27:37,,,,,,,,,,,,30.052,-95.6447,0.461264556103,0 days 00:09:56.000000000,1.0,"(30.052, -95.6447)",BodyUpTravel6
2015-06-23 08:27:38,,,,,,,,,,,,30.052,-95.6447,0.0,0 days 00:00:01.000000000,1.0,"(30.052, -95.6447)",BodyUp7
2015-06-23 08:27:39,,,,,,,,,,,,30.052,-95.6447,0.0,0 days 00:00:01.000000000,1.0,"(30.052, -95.6447)",BodyUp7
2015-06-23 08:27:40,,,,,,,,,,,,30.052,-95.6447,0.0,0 days 00:00:01.000000000,1.0,"(30.052, -95.6447)",BodyUp7
2015-06-23 08:27:41,,,,,,,,,,,,30.052,-95.6447,0.0,0 days 00:00:01.000000000,1.0,"(30.052, -95.6447)",BodyUp7
2015-06-23 08:27:42,,,,,,,,,,,,30.052,-95.6447,0.0,0 days 00:00:01.000000000,1.0,"(30.052, -95.6447)",BodyUp7
2015-06-23 08:27:43,,,,,,,,,,,,30.052,-95.6447,0.0,0 days 00:00:01.000000000,1.0,"(30.052, -95.6447)",BodyUp7
2015-06-23 08:27:44,,,,,,,,,,,,30.052,-95.6447,0.0,0 days 00:00:01.000000000,1.0,"(30.052, -95.6447)",BodyUp7
2015-06-23 08:27:45,,,,,,,,,,,,30.052,-95.6447,0.0,0 days 00:00:01.000000000,1.0,"(30.052, -95.6447)",BodyUp7
2015-06-23 08:27:46,,,,,,,,,,,,30.052,-95.6447,0.0,0 days 00:00:01.000000000,1.0,"(30.052, -95.6447)",BodyUp7
2015-06-23 08:27:47,,,,,,,,,,,,30.052,-95.6447,0.0,0 days 00:00:01.000000000,1.0,"(30.052, -95.6447)",BodyUp7
2015-06-23 08:27:48,,,,,,,,,,,,30.052,-95.6447,0.0,0 days 00:00:01.000000000,1.0,"(30.052, -95.6447)",BodyUp7
2015-06-23 08:27:49,,,,,,,,,,,,30.052,-95.6447,0.0,0 days 00:00:01.000000000,1.0,"(30.052, -95.6447)",BodyUp7
2015-06-23 08:27:50,,,,,,,,,,,,30.052,-95.6447,0.0,0 days 00:00:01.000000000,1.0,"(30.052, -95.6447)",BodyUp7
2015-06-23 08:27:51,,,,,,,,,,,,30.052,-95.6446,0.00690499442215,0 days 00:00:01.000000000,1.0,"(30.052, -95.644599999999997)",BodyUp7
2015-06-23 08:29:36,30.0519,-95.6474,692.04,0.0,0.0,4.50370628863,0.455138711845,1.0,0 days 00:04:17.000000000,"(30.0519, -95.647400000000005)",BodyDwnLoadTravel6,,,,,,,
2015-06-23 08:29:46,30.052,-95.6474,699.71,0.0,0.000679494289947,4.50438578292,0.000679494289947,1.0,0 days 00:00:01.000000000,"(30.052, -95.647400000000005)",BodyDwnLoad_6_6,,,,,,,
2015-06-23 08:29:51,30.0519,-95.6474,699.67,0.0,0.000679494289947,4.50506527721,0.000679494289947,1.0,0 days 00:00:01.000000000,"(30.0519, -95.647400000000005)",BodyDwnLoad_6_7,,,,,,,
2015-06-23 08:30:07,30.0519,-95.6475,818.76,0.0,0.00690499442127,4.51197027163,0.00690499442127,1.0,0 days 00:00:01.000000000,"(30.0519, -95.647499999999994)",BodyDwnLoad_6_8,,,,,,,
2015-06-23 08:30:08,30.0519,-95.6475,712.27,0.0,0.0,4.51197027163,0.0,1.0,0 days 00:00:01.000000000,"(30.0519, -95.647499999999994)",BodyDwnLoad_6_9,,,,,,,
2015-06-23 08:31:59,30.052,-95.6477,664.0,0.0,0.0,4.52645976675,0.0144894951281,1.0,0 days 00:00:18.000000000,"(30.052, -95.6477)",BodyDwnLoad_sub_6_10_1,,,,,,,
2015-06-23 08:35:56,,,,,,,,,,,,30.052,-95.6446,0.478538016084,0 days 00:08:05.000000000,1.0,"(30.052, -95.644599999999997)",BodyUpTravel7
2015-06-23 08:35:57,,,,,,,,,,,,30.052,-95.6446,0.0,0 days 00:00:01.000000000,1.0,"(30.052, -95.644599999999997)",BodyUp8
2015-06-23 08:35:57,,,,,,,,,,,,30.052,-95.6446,0.0,0 days 00:00:00.000000000,1.0,"(30.052, -95.644599999999997)",BodyUp8
2015-06-23 08:35:58,,,,,,,,,,,,30.052,-95.6446,0.0,0 days 00:00:01.000000000,1.0,"(30.052, -95.644599999999997)",BodyUp8
2015-06-23 08:35:59,,,,,,,,,,,,30.052,-95.6446,0.0,0 days 00:00:01.000000000,1.0,"(30.052, -95.644599999999997)",BodyUp8
2015-06-23 08:36:00,,,,,,,,,,,,30.052,-95.6445,0.00690499442215,0 days 00:00:01.000000000,1.0,"(30.052, -95.644499999999994)",BodyUp8
2015-06-23 08:36:01,,,,,,,,,,,,30.052,-95.6445,0.0,0 days 00:00:01.000000000,1.0,"(30.052, -95.644499999999994)",BodyUp8
2015-06-23 08:36:02,,,,,,,,,,,,30.052,-95.6446,0.00690499442215,0 days 00:00:01.000000000,1.0,"(30.052, -95.644599999999997)",BodyUp8
2015-06-23 08:36:03,,,,,,,,,,,,30.052,-95.6446,0.0,0 days 00:00:01.000000000,1.0,"(30.052, -95.644599999999997)",BodyUp8
2015-06-23 08:36:04,,,,,,,,,,,,30.052,-95.6446,0.0,0 days 00:00:01.000000000,1.0,"(30.052, -95.644599999999997)",BodyUp8
2015-06-23 08:36:05,,,,,,,,,,,,30.052,-95.6446,0.0,0 days 00:00:01.000000000,1.0,"(30.052, -95.644599999999997)",BodyUp8
2015-06-23 08:36:06,,,,,,,,,,,,30.052,-95.6446,0.0,0 days 00:00:01.000000000,1.0,"(30.052, -95.644599999999997)",BodyUp8
2015-06-23 08:36:07,,,,,,,,,,,,30.052,-95.6445,0.00690499442215,0 days 00:00:01.000000000,1.0,"(30.052, -95.644499999999994)",BodyUp8
2015-06-23 08:36:08,,,,,,,,,,,,30.052,-95.6445,0.0,0 days 00:00:01.000000000,1.0,"(30.052, -95.644499999999994)",BodyUp8
2015-06-23 08:36:09,,,,,,,,,,,,30.052,-95.6445,0.0,0 days 00:00:01.000000000,1.0,"(30.052, -95.644499999999994)",BodyUp8
2015-06-23 08:36:10,,,,,,,,,,,,30.052,-95.6445,0.0,0 days 00:00:01.000000000,1.0,"(30.052, -95.644499999999994)",BodyUp8
2015-06-23 08:36:11,,,,,,,,,,,,30.052,-95.6445,0.0,0 days 00:00:01.000000000,1.0,"(30.052, -95.644499999999994)",BodyUp8
2015-06-23 08:37:43,30.0519,-95.6476,663.09,0.14,0.0,5.03547980352,0.509020036763,1.0,0 days 00:03:54.000000000,"(30.0519, -95.647599999999997)",BodyDwnLoadTravel7,,,,,,,
2015-06-23 08:37:44,30.0519,-95.6476,681.46,0.0,0.0,5.03547980352,0.0,1.0,0 days 00:00:01.000000000,"(30.0519, -95.647599999999997)",BodyDwnLoad_7_7,,,,,,,
2015-06-23 08:37:45,30.052,-95.6476,696.2,0.0,0.000679518275932,5.03615932179,0.000679518275932,1.0,0 days 00:00:01.000000000,"(30.052, -95.647599999999997)",BodyDwnLoad_7_8,,,,,,,
2015-06-23 08:37:52,30.052,-95.6475,699.88,0.0,0.00690499442215,5.04306431622,0.00690499442215,1.0,0 days 00:00:01.000000000,"(30.052, -95.647499999999994)",BodyDwnLoad_7_9,,,,,,,
2015-06-23 08:38:37,30.0519,-95.6477,681.94,0.08,0.0,5.05755382334,0.0144895071211,1.0,0 days 00:00:16.000000000,"(30.0519, -95.6477)",BodyDwnLoad_sub_7_10_1,,,,,,,
2015-06-23 08:38:38,30.0519,-95.6477,695.05,0.0,0.0,5.05755382334,0.0,1.0,0 days 00:00:01.000000000,"(30.0519, -95.6477)",BodyDwnLoad_7_11,,,,,,,
2015-06-23 08:38:43,30.052,-95.6477,700.11,0.0,0.000679530268922,5.05823335361,0.000679530268922,1.0,0 days 00:00:01.000000000,"(30.052, -95.6477)",BodyDwnLoad_7_12,,,,,,,
2015-06-23 08:41:25,30.052,-95.6462,897.46,0.16,0.0,5.19150020864,0.13326685503,1.0,0 days 00:01:15.000000000,"(30.052, -95.646199999999993)",BodyDwnLoad_sub_7_13_2,,,,,,,
2015-06-23 08:42:36,,,,,,,,,,,,30.0521,-95.6446,0.524901774516,0 days 00:06:25.000000000,1.0,"(30.052099999999999, -95.644599999999997)",BodyUpTravel8
2015-06-23 08:42:37,,,,,,,,,,,,30.0521,-95.6446,0.0,0 days 00:00:01.000000000,1.0,"(30.052099999999999, -95.644599999999997)",BodyUp9
2015-06-23 08:42:38,,,,,,,,,,,,30.0521,-95.6446,0.0,0 days 00:00:01.000000000,1.0,"(30.052099999999999, -95.644599999999997)",BodyUp9
2015-06-23 08:42:39,,,,,,,,,,,,30.0521,-95.6446,0.0,0 days 00:00:01.000000000,1.0,"(30.052099999999999, -95.644599999999997)",BodyUp9
2015-06-23 08:42:40,,,,,,,,,,,,30.0521,-95.6446,0.0,0 days 00:00:01.000000000,1.0,"(30.052099999999999, -95.644599999999997)",BodyUp9
2015-06-23 08:42:41,,,,,,,,,,,,30.0521,-95.6446,0.0,0 days 00:00:01.000000000,1.0,"(30.052099999999999, -95.644599999999997)",BodyUp9
2015-06-23 08:42:42,,,,,,,,,,,,30.0521,-95.6446,0.0,0 days 00:00:01.000000000,1.0,"(30.052099999999999, -95.644599999999997)",BodyUp9
2015-06-23 08:42:43,,,,,,,,,,,,30.0521,-95.6446,0.0,0 days 00:00:01.000000000,1.0,"(30.052099999999999, -95.644599999999997)",BodyUp9
2015-06-23 08:42:44,,,,,,,,,,,,30.0521,-95.6446,0.0,0 days 00:00:01.000000000,1.0,"(30.052099999999999, -95.644599999999997)",BodyUp9
2015-06-23 08:42:45,,,,,,,,,,,,30.0521,-95.6446,0.0,0 days 00:00:01.000000000,1.0,"(30.052099999999999, -95.644599999999997)",BodyUp9
2015-06-23 08:42:46,,,,,,,,,,,,30.0521,-95.6446,0.0,0 days 00:00:01.000000000,1.0,"(30.052099999999999, -95.644599999999997)",BodyUp9
2015-06-23 08:42:47,,,,,,,,,,,,30.0521,-95.6446,0.0,0 days 00:00:01.000000000,1.0,"(30.052099999999999, -95.644599999999997)",BodyUp9
2015-06-23 08:42:48,,,,,,,,,,,,30.0521,-95.6446,0.0,0 days 00:00:01.000000000,1.0,"(30.052099999999999, -95.644599999999997)",BodyUp9
2015-06-23 08:42:49,,,,,,,,,,,,30.0521,-95.6446,0.0,0 days 00:00:01.000000000,1.0,"(30.052099999999999, -95.644599999999997)",BodyUp9
2015-06-23 08:44:36,30.0519,-95.6475,850.38,0.14,0.0,5.53337420318,0.341873994547,1.0,0 days 00:03:11.000000000,"(30.0519, -95.647499999999994)",BodyDwnLoadTravel8,,,,,,,
2015-06-23 08:44:38,30.0519,-95.6475,775.49,0.0,0.0,5.53337420318,0.0,1.0,0 days 00:00:02.000000000,"(30.0519, -95.647499999999994)",BodyDwnLoad_8_8,,,,,,,
2015-06-23 08:46:53,30.0519,-95.6477,684.73,0.0,0.0,5.54718419203,0.0138099888452,1.0,0 days 00:00:17.000000000,"(30.0519, -95.6477)",BodyDwnLoad_sub_8_9_1,,,,,,,
2015-06-23 08:46:59,30.0519,-95.6478,700.04,0.0,0.00690499442215,5.55408918645,0.00690499442215,1.0,0 days 00:00:01.000000000,"(30.0519, -95.647800000000004)",BodyDwnLoad_8_10,,,,,,,
2015-06-23 08:47:00,30.0519,-95.6478,699.2,0.0,0.0,5.55408918645,0.0,1.0,0 days 00:00:01.000000000,"(30.0519, -95.647800000000004)",BodyDwnLoad_8_11,,,,,,,
2015-06-23 08:50:42,,,,,,,,,,,,30.0519,-95.6445,0.495176201436,0 days 00:07:53.000000000,1.0,"(30.0519, -95.644499999999994)",BodyUpTravel9
2015-06-23 08:50:43,,,,,,,,,,,,30.0519,-95.6445,0.0,0 days 00:00:01.000000000,1.0,"(30.0519, -95.644499999999994)",BodyUp10
2015-06-23 08:50:44,,,,,,,,,,,,30.0519,-95.6445,0.0,0 days 00:00:01.000000000,1.0,"(30.0519, -95.644499999999994)",BodyUp10
2015-06-23 08:50:45,,,,,,,,,,,,30.0519,-95.6445,0.0,0 days 00:00:01.000000000,1.0,"(30.0519, -95.644499999999994)",BodyUp10
2015-06-23 08:50:46,,,,,,,,,,,,30.0519,-95.6445,0.0,0 days 00:00:01.000000000,1.0,"(30.0519, -95.644499999999994)",BodyUp10
2015-06-23 08:50:47,,,,,,,,,,,,30.0519,-95.6445,0.0,0 days 00:00:01.000000000,1.0,"(30.0519, -95.644499999999994)",BodyUp10
2015-06-23 08:50:48,,,,,,,,,,,,30.0519,-95.6445,0.0,0 days 00:00:01.000000000,1.0,"(30.0519, -95.644499999999994)",BodyUp10
2015-06-23 08:50:49,,,,,,,,,,,,30.0519,-95.6445,0.0,0 days 00:00:01.000000000,1.0,"(30.0519, -95.644499999999994)",BodyUp10
2015-06-23 08:50:50,,,,,,,,,,,,30.0519,-95.6445,0.0,0 days 00:00:01.000000000,1.0,"(30.0519, -95.644499999999994)",BodyUp10
2015-06-23 08:50:51,,,,,,,,,,,,30.0519,-95.6445,0.0,0 days 00:00:01.000000000,1.0,"(30.0519, -95.644499999999994)",BodyUp10
2015-06-23 08:50:52,,,,,,,,,,,,30.0519,-95.6445,0.0,0 days 00:00:01.000000000,1.0,"(30.0519, -95.644499999999994)",BodyUp10
2015-06-23 08:50:53,,,,,,,,,,,,30.0519,-95.6445,0.0,0 days 00:00:01.000000000,1.0,"(30.0519, -95.644499999999994)",BodyUp10
2015-06-23 08:50:54,,,,,,,,,,,,30.0519,-95.6445,0.0,0 days 00:00:01.000000000,1.0,"(30.0519, -95.644499999999994)",BodyUp10
2015-06-23 08:50:55,,,,,,,,,,,,30.0519,-95.6445,0.0,0 days 00:00:01.000000000,1.0,"(30.0519, -95.644499999999994)",BodyUp10
2015-06-23 08:50:56,,,,,,,,,,,,30.0519,-95.6445,0.0,0 days 00:00:01.000000000,1.0,"(30.0519, -95.644499999999994)",BodyUp10
2015-06-23 08:52:26,30.0519,-95.6474,695.73,0.0,0.0,6.02919648334,0.475107296886,1.0,0 days 00:03:57.000000000,"(30.0519, -95.647400000000005)",BodyDwnLoadTravel9,,,,,,,
2015-06-23 08:52:35,30.0519,-95.6474,676.15,0.0,0.0,6.02919648334,0.0,1.0,0 days 00:00:06.000000000,"(30.0519, -95.647400000000005)",BodyDwnLoad_9_9,,,,,,,
2015-06-23 08:53:12,30.0519,-95.6477,687.51,0.0,0.0,6.0499114666,0.0207149832664,1.0,0 days 00:00:21.000000000,"(30.0519, -95.6477)",BodyDwnLoad_sub_9_10_1,,,,,,,
2015-06-23 08:57:26,,,,,,,,,,,,30.052,-95.6444,0.509599340434,0 days 00:06:30.000000000,1.0,"(30.052, -95.644400000000005)",BodyUpTravel10
2015-06-23 08:57:27,,,,,,,,,,,,30.052,-95.6444,0.0,0 days 00:00:01.000000000,1.0,"(30.052, -95.644400000000005)",BodyUp11
2015-06-23 08:57:28,,,,,,,,,,,,30.052,-95.6444,0.0,0 days 00:00:01.000000000,1.0,"(30.052, -95.644400000000005)",BodyUp11
2015-06-23 08:57:29,,,,,,,,,,,,30.052,-95.6444,0.0,0 days 00:00:01.000000000,1.0,"(30.052, -95.644400000000005)",BodyUp11
2015-06-23 08:57:30,,,,,,,,,,,,30.052,-95.6444,0.0,0 days 00:00:01.000000000,1.0,"(30.052, -95.644400000000005)",BodyUp11
2015-06-23 08:57:31,,,,,,,,,,,,30.052,-95.6444,0.0,0 days 00:00:01.000000000,1.0,"(30.052, -95.644400000000005)",BodyUp11
2015-06-23 08:57:32,,,,,,,,,,,,30.052,-95.6444,0.0,0 days 00:00:01.000000000,1.0,"(30.052, -95.644400000000005)",BodyUp11
2015-06-23 08:57:33,,,,,,,,,,,,30.052,-95.6444,0.0,0 days 00:00:01.000000000,1.0,"(30.052, -95.644400000000005)",BodyUp11
2015-06-23 08:57:34,,,,,,,,,,,,30.052,-95.6444,0.0,0 days 00:00:01.000000000,1.0,"(30.052, -95.644400000000005)",BodyUp11
2015-06-23 08:57:35,,,,,,,,,,,,30.052,-95.6444,0.0,0 days 00:00:01.000000000,1.0,"(30.052, -95.644400000000005)",BodyUp11
2015-06-23 08:57:36,,,,,,,,,,,,30.052,-95.6444,0.0,0 days 00:00:01.000000000,1.0,"(30.052, -95.644400000000005)",BodyUp11
2015-06-23 08:57:37,,,,,,,,,,,,30.052,-95.6444,0.0,0 days 00:00:01.000000000,1.0,"(30.052, -95.644400000000005)",BodyUp11
2015-06-23 08:57:38,,,,,,,,,,,,30.052,-95.6444,0.0,0 days 00:00:01.000000000,1.0,"(30.052, -95.644400000000005)",BodyUp11
2015-06-23 08:57:39,,,,,,,,,,,,30.052,-95.6444,0.0,0 days 00:00:01.000000000,1.0,"(30.052, -95.644400000000005)",BodyUp11
2015-06-23 08:57:40,,,,,,,,,,,,30.052,-95.6444,0.0,0 days 00:00:01.000000000,1.0,"(30.052, -95.644400000000005)",BodyUp11
2015-06-23 08:59:21,30.0519,-95.6471,671.94,0.0,0.0,6.53940854822,0.489497081617,1.0,0 days 00:04:16.000000000,"(30.0519, -95.647099999999995)",BodyDwnLoadTravel10,,,,,,,
2015-06-23 08:59:22,30.0519,-95.6471,688.67,0.0,0.0,6.53940854822,0.0,1.0,0 days 00:00:01.000000000,"(30.0519, -95.647099999999995)",BodyDwnLoad_10_10,,,,,,,
2015-06-23 09:01:32,30.0519,-95.6475,649.7,0.12,0.0,6.56702852591,0.0276199776877,1.0,0 days 00:00:29.000000000,"(30.0519, -95.647499999999994)",BodyDwnLoad_sub_10_11_1,,,,,,,
2015-06-23 09:04:20,30.0519,-95.6477,695.49,0.0,0.0,6.58083851475,0.0138099888452,1.0,0 days 00:00:25.000000000,"(30.0519, -95.6477)",BodyDwnLoad_sub_10_12_2,,,,,,,
2015-06-23 09:04:34,30.0519,-95.6478,685.25,0.0,0.0,6.58774350917,0.00690499442215,1.0,0 days 00:00:05.000000000,"(30.0519, -95.647800000000004)",BodyDwnLoad_10_13,,,,,,,
2015-06-23 09:05:13,30.0519,-95.6478,700.667,0.0,0.0,6.58774350917,0.0,1.0,0 days 00:00:00.000000000,"(30.0519, -95.647800000000004)",BodyDwnLoad_10_14,,,,,,,
2015-06-23 09:08:27,,,,,,,,,,,,30.052,-95.6444,0.530926808042,0 days 00:10:47.000000000,1.0,"(30.052, -95.644400000000005)",BodyUpTravel11
2015-06-23 09:08:28,,,,,,,,,,,,30.052,-95.6444,0.0,0 days 00:00:01.000000000,1.0,"(30.052, -95.644400000000005)",BodyUp12
2015-06-23 09:08:29,,,,,,,,,,,,30.052,-95.6444,0.0,0 days 00:00:01.000000000,1.0,"(30.052, -95.644400000000005)",BodyUp12
2015-06-23 09:08:30,,,,,,,,,,,,30.052,-95.6444,0.0,0 days 00:00:01.000000000,1.0,"(30.052, -95.644400000000005)",BodyUp12
2015-06-23 09:08:31,,,,,,,,,,,,30.052,-95.6444,0.0,0 days 00:00:01.000000000,1.0,"(30.052, -95.644400000000005)",BodyUp12
2015-06-23 09:08:32,,,,,,,,,,,,30.052,-95.6444,0.0,0 days 00:00:01.000000000,1.0,"(30.052, -95.644400000000005)",BodyUp12
2015-06-23 09:08:33,,,,,,,,,,,,30.052,-95.6444,0.0,0 days 00:00:01.000000000,1.0,"(30.052, -95.644400000000005)",BodyUp12
2015-06-23 09:08:34,,,,,,,,,,,,30.052,-95.6444,0.0,0 days 00:00:01.000000000,1.0,"(30.052, -95.644400000000005)",BodyUp12
2015-06-23 09:08:35,,,,,,,,,,,,30.052,-95.6444,0.0,0 days 00:00:01.000000000,1.0,"(30.052, -95.644400000000005)",BodyUp12
2015-06-23 09:08:36,,,,,,,,,,,,30.052,-95.6444,0.0,0 days 00:00:01.000000000,1.0,"(30.052, -95.644400000000005)",BodyUp12
2015-06-23 09:08:37,,,,,,,,,,,,30.052,-95.6444,0.0,0 days 00:00:01.000000000,1.0,"(30.052, -95.644400000000005)",BodyUp12
2015-06-23 09:08:38,,,,,,,,,,,,30.052,-95.6444,0.0,0 days 00:00:01.000000000,1.0,"(30.052, -95.644400000000005)",BodyUp12
2015-06-23 09:08:39,,,,,,,,,,,,30.052,-95.6444,0.0,0 days 00:00:01.000000000,1.0,"(30.052, -95.644400000000005)",BodyUp12
2015-06-23 09:08:40,,,,,,,,,,,,30.052,-95.6444,0.0,0 days 00:00:01.000000000,1.0,"(30.052, -95.644400000000005)",BodyUp12
2015-06-23 09:08:41,,,,,,,,,,,,30.052,-95.6444,0.0,0 days 00:00:01.000000000,1.0,"(30.052, -95.644400000000005)",BodyUp12
2015-06-23 09:10:28,30.0519,-95.6478,688.87,0.0,0.0,7.11673240144,0.52898889227,1.0,0 days 00:04:29.000000000,"(30.0519, -95.647800000000004)",BodyDwnLoadTravel11,,,,,,,
2015-06-23 09:14:18,,,,,,,,,,,,30.0519,-95.6444,0.529022262973,0 days 00:05:37.000000000,1.0,"(30.0519, -95.644400000000005)",BodyUpTravel12
2015-06-23 09:14:19,,,,,,,,,,,,30.0519,-95.6444,0.0,0 days 00:00:01.000000000,1.0,"(30.0519, -95.644400000000005)",BodyUp13
2015-06-23 09:14:20,,,,,,,,,,,,30.0519,-95.6444,0.0,0 days 00:00:01.000000000,1.0,"(30.0519, -95.644400000000005)",BodyUp13
2015-06-23 09:14:21,,,,,,,,,,,,30.0519,-95.6444,0.0,0 days 00:00:01.000000000,1.0,"(30.0519, -95.644400000000005)",BodyUp13
2015-06-23 09:14:22,,,,,,,,,,,,30.0519,-95.6444,0.0,0 days 00:00:01.000000000,1.0,"(30.0519, -95.644400000000005)",BodyUp13
2015-06-23 09:14:23,,,,,,,,,,,,30.0519,-95.6444,0.0,0 days 00:00:01.000000000,1.0,"(30.0519, -95.644400000000005)",BodyUp13
2015-06-23 09:14:24,,,,,,,,,,,,30.0519,-95.6444,0.0,0 days 00:00:01.000000000,1.0,"(30.0519, -95.644400000000005)",BodyUp13
2015-06-23 09:14:25,,,,,,,,,,,,30.0519,-95.6444,0.0,0 days 00:00:01.000000000,1.0,"(30.0519, -95.644400000000005)",BodyUp13
2015-06-23 09:14:26,,,,,,,,,,,,30.0519,-95.6444,0.0,0 days 00:00:01.000000000,1.0,"(30.0519, -95.644400000000005)",BodyUp13
2015-06-23 09:14:27,,,,,,,,,,,,30.0519,-95.6444,0.0,0 days 00:00:01.000000000,1.0,"(30.0519, -95.644400000000005)",BodyUp13
2015-06-23 09:14:28,,,,,,,,,,,,30.0519,-95.6444,0.0,0 days 00:00:01.000000000,1.0,"(30.0519, -95.644400000000005)",BodyUp13
2015-06-23 09:14:29,,,,,,,,,,,,30.0519,-95.6444,0.0,0 days 00:00:01.000000000,1.0,"(30.0519, -95.644400000000005)",BodyUp13
2015-06-23 09:14:30,,,,,,,,,,,,30.0519,-95.6444,0.0,0 days 00:00:01.000000000,1.0,"(30.0519, -95.644400000000005)",BodyUp13
2015-06-23 09:14:31,,,,,,,,,,,,30.0519,-95.6444,0.0,0 days 00:00:01.000000000,1.0,"(30.0519, -95.644400000000005)",BodyUp13
2015-06-23 09:16:13,30.0519,-95.6478,669.92,0.0,0.0,7.63462804465,0.517895643201,1.0,0 days 00:04:11.000000000,"(30.0519, -95.647800000000004)",BodyDwnLoadTravel12,,,,,,,
2015-06-23 09:16:57,30.0518,-95.6479,700.99,0.0,0.0,7.65602258217,0.0213945375213,1.0,0 days 00:00:23.000000000,"(30.0518, -95.647900000000007)",BodyDwnLoad_sub_12_12_1,,,,,,,
2015-06-23 09:16:58,30.0518,-95.6479,701.95,0.0,0.0,7.65602258217,0.0,1.0,0 days 00:00:01.000000000,"(30.0518, -95.647900000000007)",BodyDwnLoad_12_13,,,,,,,
2015-06-23 09:18:11,30.0518,-95.6477,689.22,0.0,0.0,7.66983257101,0.0138099888443,1.0,0 days 00:00:20.000000000,"(30.0518, -95.6477)",BodyDwnLoad_sub_12_14_2,,,,,,,
2015-06-23 09:18:12,30.0518,-95.6477,696.82,0.0,0.0,7.66983257101,0.0,1.0,0 days 00:00:01.000000000,"(30.0518, -95.6477)",BodyDwnLoad_12_15,,,,,,,
2015-06-23 09:19:21,30.0518,-95.6477,717.23,0.0,0.0,7.68364255986,0.0138099888443,1.0,0 days 00:00:21.000000000,"(30.0518, -95.6477)",BodyDwnLoad_sub_12_16_3,,,,,,,
2015-06-23 09:34:29,30.0518,-95.6477,700.196,0.0,0.0,7.68364255986,0.0,1.0,0 days 00:00:00.000000000,"(30.0518, -95.6477)",BodyDwnLoad_12_17,,,,,,,
2015-06-23 10:07:17,30.0519,-95.6476,699.7,0.0,0.0,7.70574992212,0.0221073622644,1.0,0 days 00:00:29.000000000,"(30.0519, -95.647599999999997)",BodyDwnLoad_sub_12_18_4,,,,,,,
2015-06-23 10:18:43,30.0519,-95.6478,688.68,0.0,0.0,7.71955991097,0.0138099888452,1.0,0 days 00:00:22.000000000,"(30.0519, -95.647800000000004)",BodyDwnLoad_sub_12_19_5,,,,,,,
2015-06-23 10:18:51,30.0519,-95.6478,607.85,0.06,0.0,7.71955991097,0.0,1.0,0 days 00:00:05.000000000,"(30.0519, -95.647800000000004)",BodyDwnLoad_12_20,,,,,,,
2015-06-23 10:22:55,,,,,,,,,,,,30.0521,-95.6444,0.617283647862,0 days 01:08:24.000000000,1.0,"(30.052099999999999, -95.644400000000005)",BodyUpTravel13
2015-06-23 10:22:56,,,,,,,,,,,,30.0521,-95.6444,0.0,0 days 00:00:01.000000000,1.0,"(30.052099999999999, -95.644400000000005)",BodyUp14
2015-06-23 10:22:57,,,,,,,,,,,,30.0521,-95.6444,0.0,0 days 00:00:01.000000000,1.0,"(30.052099999999999, -95.644400000000005)",BodyUp14
2015-06-23 10:22:58,,,,,,,,,,,,30.0521,-95.6444,0.0,0 days 00:00:01.000000000,1.0,"(30.052099999999999, -95.644400000000005)",BodyUp14
2015-06-23 10:22:59,,,,,,,,,,,,30.0521,-95.6444,0.0,0 days 00:00:01.000000000,1.0,"(30.052099999999999, -95.644400000000005)",BodyUp14
2015-06-23 10:23:00,,,,,,,,,,,,30.0521,-95.6444,0.0,0 days 00:00:01.000000000,1.0,"(30.052099999999999, -95.644400000000005)",BodyUp14
2015-06-23 10:23:01,,,,,,,,,,,,30.0521,-95.6444,0.0,0 days 00:00:01.000000000,1.0,"(30.052099999999999, -95.644400000000005)",BodyUp14
2015-06-23 10:23:02,,,,,,,,,,,,30.0521,-95.6444,0.0,0 days 00:00:01.000000000,1.0,"(30.052099999999999, -95.644400000000005)",BodyUp14
2015-06-23 10:23:03,,,,,,,,,,,,30.0521,-95.6444,0.0,0 days 00:00:01.000000000,1.0,"(30.052099999999999, -95.644400000000005)",BodyUp14
2015-06-23 10:23:04,,,,,,,,,,,,30.0521,-95.6444,0.0,0 days 00:00:01.000000000,1.0,"(30.052099999999999, -95.644400000000005)",BodyUp14
2015-06-23 10:23:05,,,,,,,,,,,,30.0521,-95.6444,0.0,0 days 00:00:01.000000000,1.0,"(30.052099999999999, -95.644400000000005)",BodyUp14
2015-06-23 10:23:06,,,,,,,,,,,,30.0521,-95.6444,0.0,0 days 00:00:01.000000000,1.0,"(30.052099999999999, -95.644400000000005)",BodyUp14
2015-06-23 10:23:07,,,,,,,,,,,,30.0521,-95.6444,0.0,0 days 00:00:01.000000000,1.0,"(30.052099999999999, -95.644400000000005)",BodyUp14
2015-06-23 10:23:08,,,,,,,,,,,,30.0521,-95.6444,0.0,0 days 00:00:01.000000000,1.0,"(30.052099999999999, -95.644400000000005)",BodyUp14
2015-06-23 10:23:09,,,,,,,,,,,,30.0521,-95.6444,0.0,0 days 00:00:01.000000000,1.0,"(30.052099999999999, -95.644400000000005)",BodyUp14
2015-06-23 10:23:10,,,,,,,,,,,,30.0521,-95.6444,0.0,0 days 00:00:01.000000000,1.0,"(30.052099999999999, -95.644400000000005)",BodyUp14
2015-06-23 10:24:46,30.0519,-95.6476,713.4,0.0,0.0,8.23738928828,0.517829377318,1.0,0 days 00:04:07.000000000,"(30.0519, -95.647599999999997)",BodyDwnLoadTravel13,,,,,,,
2015-06-23 10:25:42,30.0519,-95.6478,729.8,0.0,0.0,8.25119927713,0.0138099888452,1.0,0 days 00:00:19.000000000,"(30.0519, -95.647800000000004)",BodyDwnLoad_sub_13_13_1,,,,,,,
2015-06-23 10:29:59,,,,,,,,,,,,30.052,-95.6444,0.530313797356,0 days 00:06:49.000000000,1.0,"(30.052, -95.644400000000005)",BodyUpTravel14
2015-06-23 10:30:01,30.052,-95.6444,659.59,0.0,0.0,8.5156939404,0.264494663267,1.0,0 days 00:02:18.000000000,"(30.052, -95.644400000000005)",BodyDwnLoad_sub_13_14_2,,,,,,,
2015-06-23 10:30:02,30.052,-95.6444,679.39,0.0,0.0,8.5156939404,0.0,1.0,0 days 00:00:01.000000000,"(30.052, -95.644400000000005)",BodyDwnLoad_13_15,,,,,,,
2015-06-23 10:30:18,,,,,,,,,,,,30.052,-95.6444,0.0,0 days 00:00:19.000000000,1.0,"(30.052, -95.644400000000005)",BodyUpTravel15
2015-06-23 10:30:19,,,,,,,,,,,,30.052,-95.6444,0.0,0 days 00:00:01.000000000,1.0,"(30.052, -95.644400000000005)",BodyUp16
2015-06-23 10:30:20,,,,,,,,,,,,30.052,-95.6444,0.0,0 days 00:00:01.000000000,1.0,"(30.052, -95.644400000000005)",BodyUp16
2015-06-23 10:30:21,,,,,,,,,,,,30.052,-95.6444,0.0,0 days 00:00:01.000000000,1.0,"(30.052, -95.644400000000005)",BodyUp16
2015-06-23 10:30:22,,,,,,,,,,,,30.052,-95.6444,0.0,0 days 00:00:01.000000000,1.0,"(30.052, -95.644400000000005)",BodyUp16
2015-06-23 10:30:23,,,,,,,,,,,,30.052,-95.6444,0.0,0 days 00:00:01.000000000,1.0,"(30.052, -95.644400000000005)",BodyUp16
2015-06-23 10:30:24,,,,,,,,,,,,30.052,-95.6444,0.0,0 days 00:00:01.000000000,1.0,"(30.052, -95.644400000000005)",BodyUp16
2015-06-23 10:30:25,,,,,,,,,,,,30.052,-95.6444,0.0,0 days 00:00:01.000000000,1.0,"(30.052, -95.644400000000005)",BodyUp16
2015-06-23 10:30:26,,,,,,,,,,,,30.052,-95.6444,0.0,0 days 00:00:01.000000000,1.0,"(30.052, -95.644400000000005)",BodyUp16
2015-06-23 10:30:27,,,,,,,,,,,,30.052,-95.6444,0.0,0 days 00:00:01.000000000,1.0,"(30.052, -95.644400000000005)",BodyUp16
2015-06-23 10:30:28,,,,,,,,,,,,30.052,-95.6444,0.0,0 days 00:00:01.000000000,1.0,"(30.052, -95.644400000000005)",BodyUp16
2015-06-23 10:30:29,,,,,,,,,,,,30.052,-95.6444,0.0,0 days 00:00:01.000000000,1.0,"(30.052, -95.644400000000005)",BodyUp16
2015-06-23 10:32:28,30.0519,-95.6479,684.58,0.0,0.0,8.80226135037,0.28656740998,1.0,0 days 00:02:12.000000000,"(30.0519, -95.647900000000007)",BodyDwnLoad_sub_13_16_3,,,,,,,
2015-06-23 10:32:29,30.0519,-95.6479,691.45,0.0,0.0,8.80226135037,0.0,1.0,0 days 00:00:01.000000000,"(30.0519, -95.647900000000007)",BodyDwnLoad_13_17,,,,,,,
2015-06-23 10:36:54,,,,,,,,,,,,30.0521,-95.6443,0.580653517809,0 days 00:06:25.000000000,1.0,"(30.052099999999999, -95.644300000000001)",BodyUpTravel16
2015-06-23 10:36:55,,,,,,,,,,,,30.0521,-95.6443,0.0,0 days 00:00:01.000000000,1.0,"(30.052099999999999, -95.644300000000001)",BodyUp17
2015-06-23 10:36:56,,,,,,,,,,,,30.0521,-95.6443,0.0,0 days 00:00:01.000000000,1.0,"(30.052099999999999, -95.644300000000001)",BodyUp17
2015-06-23 10:36:57,,,,,,,,,,,,30.0521,-95.6443,0.0,0 days 00:00:01.000000000,1.0,"(30.052099999999999, -95.644300000000001)",BodyUp17
2015-06-23 10:36:58,,,,,,,,,,,,30.0521,-95.6443,0.0,0 days 00:00:01.000000000,1.0,"(30.052099999999999, -95.644300000000001)",BodyUp17
2015-06-23 10:36:59,,,,,,,,,,,,30.0521,-95.6443,0.0,0 days 00:00:01.000000000,1.0,"(30.052099999999999, -95.644300000000001)",BodyUp17
2015-06-23 10:37:00,,,,,,,,,,,,30.0521,-95.6443,0.0,0 days 00:00:01.000000000,1.0,"(30.052099999999999, -95.644300000000001)",BodyUp17
2015-06-23 10:37:01,,,,,,,,,,,,30.0521,-95.6443,0.0,0 days 00:00:01.000000000,1.0,"(30.052099999999999, -95.644300000000001)",BodyUp17
2015-06-23 10:37:02,,,,,,,,,,,,30.0521,-95.6443,0.0,0 days 00:00:01.000000000,1.0,"(30.052099999999999, -95.644300000000001)",BodyUp17
2015-06-23 10:37:03,,,,,,,,,,,,30.0521,-95.6443,0.0,0 days 00:00:01.000000000,1.0,"(30.052099999999999, -95.644300000000001)",BodyUp17
2015-06-23 10:37:04,,,,,,,,,,,,30.0521,-95.6443,0.0,0 days 00:00:01.000000000,1.0,"(30.052099999999999, -95.644300000000001)",BodyUp17
2015-06-23 10:37:05,,,,,,,,,,,,30.0521,-95.6443,0.0,0 days 00:00:01.000000000,1.0,"(30.052099999999999, -95.644300000000001)",BodyUp17
2015-06-23 10:37:06,,,,,,,,,,,,30.0521,-95.6443,0.0,0 days 00:00:01.000000000,1.0,"(30.052099999999999, -95.644300000000001)",BodyUp17
2015-06-23 10:37:07,,,,,,,,,,,,30.0521,-95.6443,0.0,0 days 00:00:01.000000000,1.0,"(30.052099999999999, -95.644300000000001)",BodyUp17
2015-06-23 10:37:08,,,,,,,,,,,,30.0521,-95.6443,0.0,0 days 00:00:01.000000000,1.0,"(30.052099999999999, -95.644300000000001)",BodyUp17
2015-06-23 10:37:09,,,,,,,,,,,,30.0521,-95.6443,0.0,0 days 00:00:01.000000000,1.0,"(30.052099999999999, -95.644300000000001)",BodyUp17
2015-06-23 10:37:10,,,,,,,,,,,,30.0521,-95.6443,0.0,0 days 00:00:01.000000000,1.0,"(30.052099999999999, -95.644300000000001)",BodyUp17
2015-06-23 10:37:11,,,,,,,,,,,,30.0521,-95.6443,0.0,0 days 00:00:01.000000000,1.0,"(30.052099999999999, -95.644300000000001)",BodyUp17
2015-06-23 10:37:12,,,,,,,,,,,,30.0521,-95.6443,0.0,0 days 00:00:01.000000000,1.0,"(30.052099999999999, -95.644300000000001)",BodyUp17
2015-06-23 10:38:55,30.0519,-95.6478,732.92,0.0,0.0,9.36842568487,0.559259340077,1.0,0 days 00:04:32.000000000,"(30.0519, -95.647800000000004)",BodyDwnLoadTravel14,,,,,,,
2015-06-23 10:43:09,30.0518,-95.6478,700.29,0.0,0.00067954226191,9.36910522714,0.00067954226191,1.0,0 days 00:00:01.000000000,"(30.0518, -95.647800000000004)",BodyDwnLoad_14_14,,,,,,,
2015-06-23 10:43:10,30.0518,-95.6478,700.23,0.0,0.0,9.36910522714,0.0,1.0,0 days 00:00:01.000000000,"(30.0518, -95.647800000000004)",BodyDwnLoad_14_15,,,,,,,
2015-06-23 10:44:58,30.0519,-95.6478,700.21,0.0,0.00067954226191,9.3697847694,0.00067954226191,1.0,0 days 00:00:01.000000000,"(30.0519, -95.647800000000004)",BodyDwnLoad_14_16,,,,,,,
2015-06-23 10:51:50,30.0518,-95.648,686.15,0.0,0.0,9.3842743005,0.0138099888434,1.0,0 days 00:00:16.000000000,"(30.0518, -95.647999999999996)",BodyDwnLoad_sub_14_17_1,,,,,,,
2015-06-23 10:51:51,30.0518,-95.648,701.95,0.0,0.0,9.3842743005,0.0,1.0,0 days 00:00:01.000000000,"(30.0518, -95.647999999999996)",BodyDwnLoad_14_18,,,,,,,
2015-06-23 10:57:58,30.0519,-95.6479,674.12,0.16,0.0,9.47614454789,0.0918702473871,1.0,0 days 00:00:43.000000000,"(30.0519, -95.647900000000007)",BodyDwnLoad_sub_14_19_2,,,,,,,
2015-06-23 11:02:19,,,,,,,,,,,,30.0521,-95.6443,0.660140042423,0 days 00:25:07.000000000,1.0,"(30.052099999999999, -95.644300000000001)",BodyUpTravel17
2015-06-23 11:02:20,,,,,,,,,,,,30.0521,-95.6443,0.0,0 days 00:00:01.000000000,1.0,"(30.052099999999999, -95.644300000000001)",BodyUp18
2015-06-23 11:02:21,,,,,,,,,,,,30.0521,-95.6443,0.0,0 days 00:00:01.000000000,1.0,"(30.052099999999999, -95.644300000000001)",BodyUp18
2015-06-23 11:02:22,,,,,,,,,,,,30.0521,-95.6443,0.0,0 days 00:00:01.000000000,1.0,"(30.052099999999999, -95.644300000000001)",BodyUp18
2015-06-23 11:02:23,,,,,,,,,,,,30.0521,-95.6442,0.00690499442215,0 days 00:00:01.000000000,1.0,"(30.052099999999999, -95.644199999999998)",BodyUp18
2015-06-23 11:02:24,,,,,,,,,,,,30.0521,-95.6442,0.0,0 days 00:00:01.000000000,1.0,"(30.052099999999999, -95.644199999999998)",BodyUp18
2015-06-23 11:02:25,,,,,,,,,,,,30.0521,-95.6443,0.00690499442215,0 days 00:00:01.000000000,1.0,"(30.052099999999999, -95.644300000000001)",BodyUp18
2015-06-23 11:02:26,,,,,,,,,,,,30.0521,-95.6443,0.0,0 days 00:00:01.000000000,1.0,"(30.052099999999999, -95.644300000000001)",BodyUp18
2015-06-23 11:02:27,,,,,,,,,,,,30.0521,-95.6442,0.00690499442215,0 days 00:00:01.000000000,1.0,"(30.052099999999999, -95.644199999999998)",BodyUp18
2015-06-23 11:02:28,,,,,,,,,,,,30.0521,-95.6442,0.0,0 days 00:00:01.000000000,1.0,"(30.052099999999999, -95.644199999999998)",BodyUp18
2015-06-23 11:02:29,,,,,,,,,,,,30.0521,-95.6442,0.0,0 days 00:00:01.000000000,1.0,"(30.052099999999999, -95.644199999999998)",BodyUp18
2015-06-23 11:02:30,,,,,,,,,,,,30.0521,-95.6442,0.0,0 days 00:00:01.000000000,1.0,"(30.052099999999999, -95.644199999999998)",BodyUp18
2015-06-23 11:02:31,,,,,,,,,,,,30.0521,-95.6442,0.0,0 days 00:00:01.000000000,1.0,"(30.052099999999999, -95.644199999999998)",BodyUp18
2015-06-23 11:02:32,,,,,,,,,,,,30.0521,-95.6442,0.0,0 days 00:00:01.000000000,1.0,"(30.052099999999999, -95.644199999999998)",BodyUp18
2015-06-23 11:02:33,,,,,,,,,,,,30.0521,-95.6442,0.0,0 days 00:00:01.000000000,1.0,"(30.052099999999999, -95.644199999999998)",BodyUp18
2015-06-23 11:04:15,30.0519,-95.6479,662.5,0.0,0.0,10.0624446546,0.586300106683,1.0,0 days 00:04:33.000000000,"(30.0519, -95.647900000000007)",BodyDwnLoadTravel15,,,,,,,
2015-06-23 11:08:53,,,,,,,,,,,,30.0519,-95.6442,0.55861324727,0 days 00:06:20.000000000,1.0,"(30.0519, -95.644199999999998)",BodyUpTravel18
2015-06-23 11:08:54,,,,,,,,,,,,30.0519,-95.6442,0.0,0 days 00:00:01.000000000,1.0,"(30.0519, -95.644199999999998)",BodyUp19
2015-06-23 11:08:55,,,,,,,,,,,,30.0519,-95.6442,0.0,0 days 00:00:01.000000000,1.0,"(30.0519, -95.644199999999998)",BodyUp19
2015-06-23 11:08:56,,,,,,,,,,,,30.0519,-95.6442,0.0,0 days 00:00:01.000000000,1.0,"(30.0519, -95.644199999999998)",BodyUp19
2015-06-23 11:08:57,,,,,,,,,,,,30.0519,-95.6442,0.0,0 days 00:00:01.000000000,1.0,"(30.0519, -95.644199999999998)",BodyUp19
2015-06-23 11:08:58,,,,,,,,,,,,30.0519,-95.6442,0.0,0 days 00:00:01.000000000,1.0,"(30.0519, -95.644199999999998)",BodyUp19
2015-06-23 11:08:59,,,,,,,,,,,,30.0519,-95.6442,0.0,0 days 00:00:01.000000000,1.0,"(30.0519, -95.644199999999998)",BodyUp19
2015-06-23 11:09:00,,,,,,,,,,,,30.0519,-95.6442,0.0,0 days 00:00:01.000000000,1.0,"(30.0519, -95.644199999999998)",BodyUp19
2015-06-23 11:09:01,,,,,,,,,,,,30.0519,-95.6442,0.0,0 days 00:00:01.000000000,1.0,"(30.0519, -95.644199999999998)",BodyUp19
2015-06-23 11:09:02,,,,,,,,,,,,30.0519,-95.6442,0.0,0 days 00:00:01.000000000,1.0,"(30.0519, -95.644199999999998)",BodyUp19
2015-06-23 11:09:03,,,,,,,,,,,,30.0519,-95.6442,0.0,0 days 00:00:01.000000000,1.0,"(30.0519, -95.644199999999998)",BodyUp19
2015-06-23 11:09:04,,,,,,,,,,,,30.0519,-95.6442,0.0,0 days 00:00:01.000000000,1.0,"(30.0519, -95.644199999999998)",BodyUp19
2015-06-23 11:09:05,,,,,,,,,,,,30.0519,-95.6442,0.0,0 days 00:00:01.000000000,1.0,"(30.0519, -95.644199999999998)",BodyUp19
2015-06-23 11:09:06,,,,,,,,,,,,30.0519,-95.6442,0.0,0 days 00:00:01.000000000,1.0,"(30.0519, -95.644199999999998)",BodyUp19
2015-06-23 11:11:12,30.0519,-95.6479,679.87,0.0,0.0,10.6218373326,0.559392677978,1.0,0 days 00:05:01.000000000,"(30.0519, -95.647900000000007)",BodyDwnLoadTravel16,,,,,,,
2015-06-23 11:15:29,,,,,,,,,,,,30.052,-95.6441,0.564326255849,0 days 00:06:23.000000000,1.0,"(30.052, -95.644099999999995)",BodyUpTravel19
2015-06-23 11:15:30,,,,,,,,,,,,30.052,-95.6441,0.0,0 days 00:00:01.000000000,1.0,"(30.052, -95.644099999999995)",BodyUp20
2015-06-23 11:15:31,,,,,,,,,,,,30.052,-95.6441,0.0,0 days 00:00:01.000000000,1.0,"(30.052, -95.644099999999995)",BodyUp20
2015-06-23 11:15:32,,,,,,,,,,,,30.052,-95.6441,0.0,0 days 00:00:01.000000000,1.0,"(30.052, -95.644099999999995)",BodyUp20
2015-06-23 11:15:33,,,,,,,,,,,,30.052,-95.6441,0.0,0 days 00:00:01.000000000,1.0,"(30.052, -95.644099999999995)",BodyUp20
2015-06-23 11:15:34,,,,,,,,,,,,30.052,-95.6441,0.0,0 days 00:00:01.000000000,1.0,"(30.052, -95.644099999999995)",BodyUp20
2015-06-23 11:15:35,,,,,,,,,,,,30.052,-95.6441,0.0,0 days 00:00:01.000000000,1.0,"(30.052, -95.644099999999995)",BodyUp20
2015-06-23 11:15:36,,,,,,,,,,,,30.052,-95.6441,0.0,0 days 00:00:01.000000000,1.0,"(30.052, -95.644099999999995)",BodyUp20
2015-06-23 11:15:37,,,,,,,,,,,,30.052,-95.6441,0.0,0 days 00:00:01.000000000,1.0,"(30.052, -95.644099999999995)",BodyUp20
2015-06-23 11:15:38,,,,,,,,,,,,30.052,-95.6441,0.0,0 days 00:00:01.000000000,1.0,"(30.052, -95.644099999999995)",BodyUp20
2015-06-23 11:15:39,,,,,,,,,,,,30.052,-95.6441,0.0,0 days 00:00:01.000000000,1.0,"(30.052, -95.644099999999995)",BodyUp20
2015-06-23 11:15:40,,,,,,,,,,,,30.052,-95.6441,0.0,0 days 00:00:01.000000000,1.0,"(30.052, -95.644099999999995)",BodyUp20
2015-06-23 11:15:41,,,,,,,,,,,,30.052,-95.6441,0.0,0 days 00:00:01.000000000,1.0,"(30.052, -95.644099999999995)",BodyUp20
2015-06-23 11:15:42,,,,,,,,,,,,30.052,-95.6441,0.0,0 days 00:00:01.000000000,1.0,"(30.052, -95.644099999999995)",BodyUp20
2015-06-23 11:15:43,,,,,,,,,,,,30.052,-95.6441,0.0,0 days 00:00:01.000000000,1.0,"(30.052, -95.644099999999995)",BodyUp20
2015-06-23 11:15:44,,,,,,,,,,,,30.052,-95.6441,0.0,0 days 00:00:01.000000000,1.0,"(30.052, -95.644099999999995)",BodyUp20
2015-06-23 11:15:45,,,,,,,,,,,,30.052,-95.6441,0.0,0 days 00:00:01.000000000,1.0,"(30.052, -95.644099999999995)",BodyUp20
2015-06-23 11:17:25,30.0519,-95.6479,680.64,0.0,0.0,11.1922563426,0.570419010011,1.0,0 days 00:04:26.000000000,"(30.0519, -95.647900000000007)",BodyDwnLoadTravel17,,,,,,,
2015-06-23 11:21:59,,,,,,,,,,,,30.0521,-95.6441,0.570452325699,0 days 00:06:14.000000000,1.0,"(30.052099999999999, -95.644099999999995)",BodyUpTravel20
2015-06-23 11:22:00,,,,,,,,,,,,30.0521,-95.6441,0.0,0 days 00:00:01.000000000,1.0,"(30.052099999999999, -95.644099999999995)",BodyUp21
2015-06-23 11:22:01,,,,,,,,,,,,30.0521,-95.6441,0.0,0 days 00:00:01.000000000,1.0,"(30.052099999999999, -95.644099999999995)",BodyUp21
2015-06-23 11:22:02,,,,,,,,,,,,30.0521,-95.6441,0.0,0 days 00:00:01.000000000,1.0,"(30.052099999999999, -95.644099999999995)",BodyUp21
2015-06-23 11:22:03,,,,,,,,,,,,30.0521,-95.6441,0.0,0 days 00:00:01.000000000,1.0,"(30.052099999999999, -95.644099999999995)",BodyUp21
2015-06-23 11:22:04,,,,,,,,,,,,30.0521,-95.6441,0.0,0 days 00:00:01.000000000,1.0,"(30.052099999999999, -95.644099999999995)",BodyUp21
2015-06-23 11:22:05,,,,,,,,,,,,30.0521,-95.6441,0.0,0 days 00:00:01.000000000,1.0,"(30.052099999999999, -95.644099999999995)",BodyUp21
2015-06-23 11:22:06,,,,,,,,,,,,30.0521,-95.6441,0.0,0 days 00:00:01.000000000,1.0,"(30.052099999999999, -95.644099999999995)",BodyUp21
2015-06-23 11:22:07,,,,,,,,,,,,30.0521,-95.6441,0.0,0 days 00:00:01.000000000,1.0,"(30.052099999999999, -95.644099999999995)",BodyUp21
2015-06-23 11:22:08,,,,,,,,,,,,30.0521,-95.6441,0.0,0 days 00:00:01.000000000,1.0,"(30.052099999999999, -95.644099999999995)",BodyUp21
2015-06-23 11:22:09,,,,,,,,,,,,30.0521,-95.6441,0.0,0 days 00:00:01.000000000,1.0,"(30.052099999999999, -95.644099999999995)",BodyUp21
2015-06-23 11:22:10,,,,,,,,,,,,30.0521,-95.6441,0.0,0 days 00:00:01.000000000,1.0,"(30.052099999999999, -95.644099999999995)",BodyUp21
2015-06-23 11:22:11,,,,,,,,,,,,30.0521,-95.6441,0.0,0 days 00:00:01.000000000,1.0,"(30.052099999999999, -95.644099999999995)",BodyUp21
2015-06-23 11:22:12,,,,,,,,,,,,30.0521,-95.6441,0.0,0 days 00:00:01.000000000,1.0,"(30.052099999999999, -95.644099999999995)",BodyUp21
2015-06-23 11:22:13,,,,,,,,,,,,30.0521,-95.6441,0.0,0 days 00:00:01.000000000,1.0,"(30.052099999999999, -95.644099999999995)",BodyUp21
2015-06-23 11:23:21,30.0521,-95.6459,705.02,0.0,0.0,11.6383848933,0.446128550769,1.0,0 days 00:04:10.000000000,"(30.052099999999999, -95.645899999999997)",BodyDwnLoadTravel18,,,,,,,
2015-06-23 11:23:22,30.0521,-95.6459,700.88,0.0,0.0,11.6383848933,0.0,1.0,0 days 00:00:01.000000000,"(30.052099999999999, -95.645899999999997)",BodyDwnLoad_18_18,,,,,,,
2015-06-23 11:25:03,30.0519,-95.6479,639.49,0.0,0.0,11.7778436025,0.13945870912,1.0,0 days 00:01:32.000000000,"(30.0519, -95.647900000000007)",BodyDwnLoad_sub_18_19_1,,,,,,,
2015-06-23 11:28:50,30.0519,-95.645,670.54,0.14,0.0,12.0084926346,0.230649032137,1.0,0 days 00:02:17.000000000,"(30.0519, -95.644999999999996)",BodyDwnLoad_sub_18_20_2,,,,,,,
2015-06-23 11:28:51,30.0519,-95.645,687.47,0.0,0.0,12.0084926346,0.0,1.0,0 days 00:00:01.000000000,"(30.0519, -95.644999999999996)",BodyDwnLoad_18_21,,,,,,,
2015-06-23 11:28:54,30.0519,-95.645,716.23,0.0,0.0,12.0084926346,0.0,1.0,0 days 00:00:02.000000000,"(30.0519, -95.644999999999996)",BodyDwnLoad_18_22,,,,,,,
2015-06-23 11:29:50,30.052,-95.644,632.98,0.14,0.0,12.0782217133,0.0697290787189,1.0,0 days 00:00:51.000000000,"(30.052, -95.644000000000005)",BodyDwnLoad_sub_18_23_3,,,,,,,
2015-06-23 11:29:51,30.052,-95.644,697.78,0.0,0.0,12.0782217133,0.0,1.0,0 days 00:00:01.000000000,"(30.052, -95.644000000000005)",BodyDwnLoad_18_24,,,,,,,
2015-06-23 11:31:33,30.052,-95.644,698.132,0.0,0.0,12.0782217133,0.0,1.0,0 days 00:00:00.000000000,"(30.052, -95.644000000000005)",BodyDwnLoad_18_25,,,,,,,
2015-06-23 11:35:58,30.0524,-95.6391,686.64,0.0,0.0,12.4220626624,0.343840949128,1.0,0 days 00:02:16.000000000,"(30.052399999999999, -95.639099999999999)",BodyDwnLoad_sub_18_26_4,,,,,,,
2015-06-23 11:35:59,30.0524,-95.6391,698.07,0.0,0.0,12.4220626624,0.0,1.0,0 days 00:00:01.000000000,"(30.052399999999999, -95.639099999999999)",BodyDwnLoad_18_27,,,,,,,
2015-06-23 11:36:00,30.0524,-95.6392,700.1,0.0,0.00690499442303,12.4289676569,0.00690499442303,1.0,0 days 00:00:01.000000000,"(30.052399999999999, -95.639200000000002)",BodyDwnLoad_18_28,,,,,,,
2015-06-23 11:36:01,30.0524,-95.6392,700.68,0.0,0.0,12.4289676569,0.0,1.0,0 days 00:00:01.000000000,"(30.052399999999999, -95.639200000000002)",BodyDwnLoad_18_29,,,,,,,
2015-06-23 11:36:28,30.0524,-95.639,700.3,0.0,0.0,12.4427776457,0.0138099888452,1.0,0 days 00:00:21.000000000,"(30.052399999999999, -95.638999999999996)",BodyDwnLoad_sub_18_30_5,,,,,,,
2015-06-23 11:36:29,30.0524,-95.639,700.37,0.0,0.0,12.4427776457,0.0,1.0,0 days 00:00:01.000000000,"(30.052399999999999, -95.638999999999996)",BodyDwnLoad_18_31,,,,,,,
2015-06-23 11:36:46,30.0525,-95.6388,654.36,0.12,0.0,12.4572661094,0.0144884637213,1.0,0 days 00:00:11.000000000,"(30.052499999999998, -95.638800000000003)",BodyDwnLoad_sub_18_32_6,,,,,,,
2015-06-23 11:36:47,30.0525,-95.6388,719.92,0.0,0.0,12.4572661094,0.0,1.0,0 days 00:00:01.000000000,"(30.052499999999998, -95.638800000000003)",BodyDwnLoad_18_33,,,,,,,
2015-06-23 11:41:52,30.0524,-95.629,697.41,0.0,0.0,13.1381908448,0.680924735392,1.0,0 days 00:04:07.000000000,"(30.052399999999999, -95.629000000000005)",BodyDwnLoadTravel19,,,,,,,
2015-06-23 11:41:53,30.0524,-95.629,698.8,0.0,0.0,13.1381908448,0.0,1.0,0 days 00:00:01.000000000,"(30.052399999999999, -95.629000000000005)",BodyDwnLoad_19_19,,,,,,,
2015-06-23 11:42:47,30.0525,-95.6285,684.5,0.0,0.0,13.2003689239,0.0621780791001,1.0,0 days 00:00:46.000000000,"(30.052499999999998, -95.628500000000003)",BodyDwnLoad_sub_19_20_1,,,,,,,
2015-06-23 11:42:48,30.0525,-95.6285,696.05,0.0,0.0,13.2003689239,0.0,1.0,0 days 00:00:01.000000000,"(30.052499999999998, -95.628500000000003)",BodyDwnLoad_19_21,,,,,,,
2015-06-23 11:43:48,,,,,,,,,,,,30.0525,-95.6297,1.81398914334,0 days 00:21:35.000000000,1.0,"(30.052499999999998, -95.6297)",BodyUpTravel21
2015-06-23 11:43:49,,,,,,,,,,,,30.0525,-95.6297,0.0,0 days 00:00:01.000000000,1.0,"(30.052499999999998, -95.6297)",BodyUp22
2015-06-23 11:43:50,,,,,,,,,,,,30.0525,-95.6297,0.0,0 days 00:00:01.000000000,1.0,"(30.052499999999998, -95.6297)",BodyUp22
2015-06-23 11:43:51,,,,,,,,,,,,30.0525,-95.6297,0.0,0 days 00:00:01.000000000,1.0,"(30.052499999999998, -95.6297)",BodyUp22
2015-06-23 11:43:52,,,,,,,,,,,,30.0525,-95.6297,0.0,0 days 00:00:01.000000000,1.0,"(30.052499999999998, -95.6297)",BodyUp22
2015-06-23 11:43:53,,,,,,,,,,,,30.0525,-95.6297,0.0,0 days 00:00:01.000000000,1.0,"(30.052499999999998, -95.6297)",BodyUp22
2015-06-23 11:43:54,,,,,,,,,,,,30.0525,-95.6297,0.0,0 days 00:00:01.000000000,1.0,"(30.052499999999998, -95.6297)",BodyUp22
2015-06-23 11:43:55,,,,,,,,,,,,30.0525,-95.6297,0.0,0 days 00:00:01.000000000,1.0,"(30.052499999999998, -95.6297)",BodyUp22
2015-06-23 11:43:56,,,,,,,,,,,,30.0525,-95.6297,0.0,0 days 00:00:01.000000000,1.0,"(30.052499999999998, -95.6297)",BodyUp22
2015-06-23 11:43:57,,,,,,,,,,,,30.0525,-95.6298,0.00690499442215,0 days 00:00:01.000000000,1.0,"(30.052499999999998, -95.629800000000003)",BodyUp22
2015-06-23 11:43:58,,,,,,,,,,,,30.0525,-95.6298,0.0,0 days 00:00:01.000000000,1.0,"(30.052499999999998, -95.629800000000003)",BodyUp22
2015-06-23 11:43:59,,,,,,,,,,,,30.0525,-95.6298,0.0,0 days 00:00:01.000000000,1.0,"(30.052499999999998, -95.629800000000003)",BodyUp22
2015-06-23 11:44:00,,,,,,,,,,,,30.0525,-95.6298,0.0,0 days 00:00:01.000000000,1.0,"(30.052499999999998, -95.629800000000003)",BodyUp22
2015-06-23 11:44:01,,,,,,,,,,,,30.0525,-95.6298,0.0,0 days 00:00:01.000000000,1.0,"(30.052499999999998, -95.629800000000003)",
2015-06-23 11:44:42,30.0525,-95.6308,693.63,0.18,0.0,13.3618932696,0.161524345704,1.0,0 days 00:01:52.000000000,"(30.052499999999998, -95.630799999999994)",BodyDwnLoad_sub_19_22_2,,,,,,,
2015-06-23 11:44:43,30.0525,-95.6308,735.11,0.0,0.0,13.3618932696,0.0,1.0,0 days 00:00:01.000000000,"(30.052499999999998, -95.630799999999994)",BodyDwnLoad_19_23,,,,,,,
2015-06-23 11:49:40,30.0526,-95.6306,695.54,0.0,0.0,13.4053558064,0.0434625367725,1.0,0 days 00:00:34.000000000,"(30.052600000000002, -95.630600000000001)",BodyDwnLoad_sub_19_24_3,,,,,,,
2015-06-23 11:49:41,30.0526,-95.6306,696.14,0.0,0.0,13.4053558064,0.0,1.0,0 days 00:00:01.000000000,"(30.052600000000002, -95.630600000000001)",BodyDwnLoad_19_25,,,,,,,
2015-06-23 11:52:32,30.052,-95.624,688.68,0.04,0.0,13.8763818945,0.47102608814,1.0,0 days 00:02:46.000000000,"(30.052, -95.623999999999995)",BodyDwnLoad_sub_19_26_4,,,,,,,
2015-06-23 11:52:33,30.052,-95.624,722.48,0.0,0.0,13.8763818945,0.0,1.0,0 days 00:00:01.000000000,"(30.052, -95.623999999999995)",BodyDwnLoad_19_27,,,,,,,
2015-06-23 12:46:43,30.0521,-95.6233,699.79,0.0,0.0,13.9247215915,0.0483396969385,1.0,0 days 00:52:12.000000000,"(30.052099999999999, -95.6233)",BodyDwnLoadTravel20,,,,,,,
2015-06-23 12:46:44,30.0521,-95.6233,700.23,0.0,0.0,13.9247215915,0.0,1.0,0 days 00:00:01.000000000,"(30.052099999999999, -95.6233)",BodyDwnLoad_20_20,,,,,,,
2015-06-23 12:47:08,30.0521,-95.6233,698.33,0.02,0.0,13.9247215915,0.0,1.0,0 days 00:00:09.000000000,"(30.052099999999999, -95.6233)",BodyDwnLoad_20_21,,,,,,,
2015-06-23 12:48:35,30.0521,-95.6234,699.58,0.0,0.0,13.9316265859,0.00690499442215,1.0,0 days 00:00:02.000000000,"(30.052099999999999, -95.623400000000004)",BodyDwnLoad_20_22,,,,,,,
2015-06-23 12:48:36,30.0521,-95.6234,697.56,0.0,0.0,13.9316265859,0.0,1.0,0 days 00:00:01.000000000,"(30.052099999999999, -95.623400000000004)",BodyDwnLoad_20_23,,,,,,,
2015-06-23 12:48:46,30.0521,-95.6233,697.89,0.0,0.00690499442215,13.9385315803,0.00690499442215,1.0,0 days 00:00:01.000000000,"(30.052099999999999, -95.6233)",BodyDwnLoad_20_24,,,,,,,
2015-06-23 12:49:13,30.052,-95.623,712.57,0.0,0.0,13.9599231675,0.0213915871837,1.0,0 days 00:00:24.000000000,"(30.052, -95.623000000000005)",BodyDwnLoad_sub_20_25_1,,,,,,,
2015-06-23 12:49:14,30.052,-95.623,702.54,0.0,0.0,13.9599231675,0.0,1.0,0 days 00:00:01.000000000,"(30.052, -95.623000000000005)",,,,,,,,
